@@,item,itemlabel,startdate,enddate
+++,Q5515569,Gabriel Changson Chang,2011-07-09,2013
+++,Q6177210,Jemma Nunu Kumba,2013,2013
+++,Q5515569,Gabriel Changson Chang,2013,2014
+++,Q4898942,Betty Ogwaro,2014,2015
+++,Q6177210,Jemma Nunu Kumba,2015,2017
+++,Q5515569,Gabriel Changson Chang,2017,2019
+++,Q6833900,Michael Roberto Kenyi,2019,2019
+++,Q5515569,Gabriel Changson Chang,2019,2019
+++,Q48975135,Mayiik Ayii Deng,2019,2020
+++,Q16193152,James Hoth Mai,2019,2019
+++,Q6177210,Jemma Nunu Kumba,2020,
